Quantidade,Percentagem
4677,0.9719451371571073
135,0.02805486284289277
